songname,poet,year,songcontent,category
avoi avi,avraham shlonski,1932,"
אבוי אבי איכה נמהרנו
איכה למלך רם שיקרנו
עכשיו ממני יבוקש
לטוות זהב מצרור של קש

הן נס כזה במלוא תבל
שום בן אנוש עוד לא חולל
מחר כל ילד במדינה
לצחוק יתנני ושנינה

אבוי לי, אוי לי, אויה לי
היש גורל כגורלי
אבוי לי, אוי לי, אויה לי
היש גורל כגורלי

אם תיכשל אחת ושתיים
יוגש אביה לנחושתיים

אמר השר ולא יחוס
אמר השר ואין מנוס
אוי, מי יתנני בית אבי
כתמול שלשום וכלבבי

לשבת בו שאננה
בצל פינת התחנה
היש כמוני עוד אומללת
עלי לנוס. הו, סגורה כל דלת

אבוי אבי אוי אבי
היש מכאוב כמכאובי
אבוי אבי אוי אבי
היש מכאוב כמכאובי

מה זה נטפל אליי המלך
אשוב עליי לטוות בפלך
מצרור של קש זהב טהור
ואיזה פחד, איזה קור

אוי אבא, אבא, מי יגאל
כי לא אוכל, כי לא אוכל
אוי אבא, אבא, מי יגאל
כי לא אוכל, כי לא אוכל

אוי למה זה כזבים דיברנו
על מה לשקר התפארנו
עכשיו כל ילד במדינה
פה ישימני לשנינה

היא כזבנית היא גזמנית
בת הטוחן החוצפנית
היא כבר חושבת על חופה
עם מלך עוץ, אוי לחרפה

פתחו לי, פתחו לי ואבואה
בפני המלך הארמונה
ואגידו בחרטה
את האמת לאמיתה
הו, פתחו, שומרים, פתחו מהר
אין שומע, אין עוזר אבוי!",dor-hamedina
sufa,avraham shlonski,1943,"כי אנפת כי זמות
מרחוק
נפרעו רעמות
לבלי חק
שמא בכי היית
שמא צחוק
כי געית כי גאית
מרחוק

עד חשפה מלתעות ערבה
עד מלאה זלעפות ערבה
עד שוע האדם ויגוע
את ארבת
את קרבת
את היית לאלפי יבבה",dor-hamedina
yom acharon,avraham shlonski,1939,"גם לתפילות - תפרחת ושלכת.
ויום אחרון שמט את כל כתריו.
כל השתיקות חזרו היום אליך,
כשוב יונה באין עלה טרף.

ונכריה השמש המשכמת.
וסהר קר מקשיח ונפחת.
וכה הומך, וכה צפד מקמט
כל שתימר ושהיה אחד.

כל עיתותי - תשבורת יום וליל.
כל מילותי היו לי לזרות.
ולא אדע: מגודש יבולייך
מה להבר, שדי, ומה לזרות?

שוא שלוחך יונת-מבול, מלכד:
חזרת אלי בלי סבר וחרון.
גם לתפלות - תפרחת ושלכת.
גם ליבולים מגיע יום אחרון.",dor-hamedina
zemer,avraham shlonski,1945,"לא אורחת גמלים ירדה לכרוע,
לא דבשת היא אל מול כוכב.
זה הרים, הרים שבגלבוע,
הררים צופים אלי מרחב.

הם זוכרים את לובן אוהלינו,
שפשטו בעמק כיונים.
הם זוכרים את מזבחות לילינו,
שעלו באש הניגונים.

שירו לי, כי טוב לי, טוב לשמוע
שוב כאז מול סהר זה ותכול.
שירו עד ימוש גם הגלבוע
ויצא עמנו במחול.

כי שרוי, מותר הוא לי הזמר,
כי ציות זרעתי בדמעה.
כלרועים בחג של גז הצמר
לנו התגמול והתרומה.

שוב כאז לבן הולך הסהר
ומושך בקרן היובל.
שוב כאז הלב פותח שער,
ונדמה לעד לא ינעל.

איך היום קסומים ולא מיין
שבנו הנה במשעול הלז
לחדש לכתנו אל העין,
לפעם שירינו מיני אז.

שירו לי, כי טוב לי, טוב לשמוע...",dor-hamedina
hahol izkor,hava alberstein,1962,"החול יזכור את הגלים אבל לקצף אין זוכר
זולת ההם אשר עברו עם רוח לילה מאחר
מזכרונם הוא לעולם לא ימחה.

הכל ישוב אל המצולות זולת הקצף הלבן.
נרות הלילה דעכו. הידידות האהבה
הנעורים שבאו פתע אל סופם
הנעורים שבאו פתע אל סופם.

כמוהו גם על חוף ליבם רטט אז משהו חיוור
והם רשמו בתוך החול, כשהירח העובר
האיר פתאום פנים זרות ושחוק רפה.

הכל ישוב אל המצולות...

היו שם קונכיות ריקות שנהמו קינה של ים
ובית עלמין על הגבעות
ושניים שחלפו דומם
בין החצב והקברים והשיקמה.

הכל ישוב אל המצולות...",dor-hamedina
mizmor shir lapartizanit,hirsh glick,1942,"
קור עולה מתוך הליל,
הזרוע כוכבים,
לומדת עלמה יפת עיניים
את תורת הלוחמים.

כסות פרווה לה ומצנפת,
רק אקדוח בידה,
ילדה שסמקה לחיה - אורבת
לבואה של שיירה.

אש נפלטת מן הנשק,
אש אל לב המכונית,
חרוך עד שלדה מוטל הרכב,
שוב לא יתנכל שנית.

טרם שחר, מן היער,
על ראשה הילת שלגים,
יוצאת העלמה אל מול הסהר
בחיוך של עלומים.",dor-hamedina
eretz nehederet,ilanit,1991,"יש פה ארץ נהדרת וכדאי בה לחיות
אם יודעים לראות הכל בעיניים אחרות
יש פה ארץ נהדרת

אם יודעים לצחוק אחרי שבולעים את הדמעה
אם לומדים להתחמם מחומה של הבטחה
יש פה ארץ נהדרת

אז בוא ניקח נשימה
ונשבור את הקיר
הימים בהירים והלילה צעיר
אין ממה לפחד ומותר גם לשיר
המחר מתקרב והדופק מהיר

יש פה ארץ נהדרת ולמרות החדשות
הכל בה יסתדר, קצת יותר או קצת פחות
יש פה ארץ נהדרת

אם נראה את הזריחה רחוקים ממקלטים
אם נפסיק להיצמד בכל שעה למקלטים
יש פה ארץ נהדרת

אז בוא ניקח נשימה...

יש פה ארץ נהדרת להתחיל מהתחלה
ואנחנו עוד בדרך והדרך לא קלה
יש פה ארץ נהדרת

אם נאהב להתאהב, אם נזכור את התקוות
אם נלמד להתרגש ונתחיל סוף סוף לחיות
אז יש פה ארץ נהדרת

אז בוא ניקח נשימה...",dor-hamedina
gilu haglilim,itzhak katzanelson,1940,"
גילו הגלילים גיבורי החייל
שישו ושימחו יומם וליל

הגליל הגליל אך אתה גלילי
אין ששון כששוני ואין גיל כגילי

גילו הגלילים, גיבורי החייל...

מחשכת הלילה עולה קול חליל
שירו ישמיע שומר הגליל

גילו הגלילים, גיבורי החייל...

הלילה-הוא הולך הלוך וחבור
שמש הגליל כאש על הר תבור

יהמה הגליל כה יהמה לבבי
רובי בצידי וסוסי ערבי

גילו הגלילים, גיבורי החייל...

זולתך הגליל מה לי ומי לי
הגליל הגליל! אך אתה גלילי",dor-hamedina
ma yafim halilot be knaan,itzhak katzanelson,1940,"מה יפים הלילות בכנען
צוננים המה ובהירים
הדממה פה תשיר, לה יען
יען לה לבי בשירים.

יללת תנים נוגה
תחצה דמי הליל.

הולכים ואובדים השירים,
רק הדם הקל לנו יען
צוננים המה ובהירים,
ויפים הלילות בכנען.

יללת תנים נוגה...

יפים הלילות ובהירים
וצוננים המה בכנען,
צללו, נדמו השירים
והדם עוד יען, עוד יען.

יללת תנים נוגה...

אחי הלכו לרעות צאנם,
להשקות העדרים,
ורחל, רחל שלי
תטפס על ההרים.

יללת תנים נוגה...

השלג על החרמון
הולך ונמס,
בואי אלי, רחל שלי
בואי ונתעלס.

יללת תנים נוגה...",dor-hamedina
neula he dalti,itzhak katznelson,1940,"נעולה היא דלתי
איש לא בא אל ביתי
אין דורש לראותי
לא ביום לא בליל
אין דורש אין שואל

יש נדמה לא הרחק
מישהו מתדפק
מתדפק ושותק
אז ארוץ ואפתח
זהו רוח נאנח

הוא הציץ אל פתחי
חיש נגע במצחי
וברח לו בבכי
הוא ברח הוא עזב
ונותרתי פה בדד

טוב להם לרוחות
מהירים הם לבכות
כאותם תינוקות
לו ידע גם לבי
כך לבכות בקרבי",dor-hamedina
al titnu lahem rovim,natan alterman,1934,"
בואי נא, אחות, ושבי לך כאן מנגד,
פן אחדל לנשום ואת גם לא תדעי.
פה, בבית הזה, מתים כל כך בשקט...
קר לי לבדי.
עוד גדול הלילה, המנורה צהבהבת,
את עצי הגן הרוח מניעה.
עד שבאת הלום ישבה כאן השחפת
היא טובה כמוך, אחות רחמניה.
היא חיבקה אותי, כמו הייתי ילד,
היא אמרה לי ""בכה מעט אל תתבייש.
ילדך יתום ואשתך אומללת
ואתה תינוק בן ארבעים ושש.""
אחותי, הלא ידעת ודאי, הגידי,
למה החולים נראים קטנים כל כך?
ואני הלא אדם-חייל הייתי.
הן דיברתי פה אל פה עם כלי תותח.
זה היה מכבר, העת אמנם חולפת,
את בגדי השרד איני לובש מאז.
לי השאירו רק מדליה ושחפת...
את יודעת מה זו התקפה של גז.
עוד אזכור אחות - שמיים לא שמיים,
רוח מתגלגלת על שטיחי קמה,
חודש מאי היה נאה מכל המאיים
שידעה אי פעם אמא אדמה.
הגדודים הלכו כאחוזי סחרחורת,
כילדי בית ספר שקיבלו יום חג,
חיילים זקנים התירו המחגורת,
והריחו יחד שמש וטבק.
מן הראש הסירו את כובעי הפלד,
סלסלו שפם וסלסלו בקול:
היי רגליים-ליים דרך מצלצלת
הי נלכה-לכה עד אשר ניפול.
ובמנגינות פרחו עצי תפוח,
ואימי שלי צבטה את לחיי.
ועל השדות התגלגלה הרוח
וזרקה אלינו מלוא חופניה מאי...
עוד אזכור אחות, פתאום... פתאום לפתע
באה האימה, ידענו את ריחה.
אמא צעקה - מדוע התחבאת?
למה זה, ילדי, לבשת מסיכה?!
ונפרוץ קדימה אל המערבולת,
מסיכות הגז השוונו זה לזה.
לאחד קטן פגעתי בגולגולת
ושלושה גדולים דקרתי בחזה.
כל חייל כאילו לא זימר אף פעם.
כל חלל כאילו השתומם למות.
באידי המוות, בפצצות הרעם,
איש אחיו רצח מפחד ותמימות.
עוד אזכור אחות - כי לא צריך לשכוח.
הם היו כמוני, הם היו טובים,
רק אסור היה לקרב אותם לשלוח,
רק אסור היה לתת להם רובים.
וכעת - הנה המלחמה איננה.
המנורה צהבהבת ואני ואת.
שבע-עשרה שנה עברו מאז עד הנה,
שם הרגו אותי, לאט, לאט, לאט.
והכל נשכח ופה מתים בשקט,
והמוות פה צנוע ומנומס,
רק אני יודע - ריאתי יורקת
עוד את השנאה, הרצח והגז.
רק אני יודע שבמערבולת
בהיותי פתאום אחר, איום כזה...
לאחד קטן פגעתי בגולגולת
ושלושה גדולים דקרתי בחזה.
אחותי עוד רגע. שני בנים לי, שניים,
אהבתים מאד, ליבותיהם טובים
אך בבוא היום... למען השמיים,
אל תתנו להם רובים!",dor-hamedina
echad min hagachal,natan alterman,1948,"מסיפון אוניה מתנודדת
הוא ירד אל רציף הנמל
וחיכתה ברציף לו מולדת
בדמות אוטו צבאי וסמל.

היא את שמו בחותמת הטביעה,
היא השליכה בגדיו אל השק
ושבועה נוראה היא השביעה
לקולו של הגשם הדק.

ונראהו זוחל, או כורע,
או עומד עם צלחת בתור,
ונדע: ללא בית ורע
קר ללחום את מלחמת הדור

עוד הארץ הזאת לא נתנה לו
לא ידיד, לא פינה למקלט,
לא שמחה מן האלף הללו.
אשר לנו היו למתת.

לא, כי רק את חייו, פליטי חרב
הוא קבל על החוף מידה.
אבל גם את חייו, אי בערב,
הוא השיב בנפלו בעדה.",dor-hamedina
eduard eduard,natan alterman,1940,"מה חרבך נוטפת דם,
אדוארד, אדוארד?
מה חרבך נוטפת דם,
ועל מה לבך כה נעצב, אה, אה?

""כי הכיתי את נץ טיפוחי ולא קם,
אמי, אמי!
כי הכיתי את נץ טיפוחי ולא קם,
לא היה לי אחר על פניו, אה!""

ובמה תכפר עוונך הכבד,
אדוארד, אדוארד?
ובמה תכפר עוונך הכבד,
בן יקיר, השיבני בזה, אה, אה?

""בסירה שמנגד הימה ארד,
אמי, אמי!
בסירה שמנגד הימה ארד,
לאשר שם הרוח יהיה, אה!""

ולאמך הורתך, זו אמך יקירה,
אדוארד, אדוארד,
ולאמך הורתך, זו אמך יקירה,
מה בפיך, הגידה נא, בני, אה, אה?

""קללת גיהנום לך בפי למארה,
אמי, אמי!
קללת גיהנום לך בפי למארה,
כי לחשת המזימה על אוזני, אה!""",dor-hamedina
gdalia,natan alterman,1938,"אני הוא גדליה רבע איש
אבל אני שמח
אין לי בית יש לי כביש
מעל הכביש ירח
כל אחד יש לו מאה
ולשני מאתיים
ולי פאה ועוד פאה
יחד פאותיים

ודי סחבתי כבר שקים
רצתי הנה שמה
פניי רוצים למרחקים
אני רוצה הימה
כי העולם גדול גדול""
אפשר לראות בו את הכל
אציץ בו פעם ושנייה
ושוטי שוטי אונייה

אקח איתי עגבניה
סידור קטן ופיתה
מעל סיפון האונייה
למרחקים אביטה
אמריקה היא פה משמאל
ומימין אוסטרליה
ניגש הקברניט לשאול
לאן נוסע גדליה
ואנוכי עונה אדון
כל המקומות יפים הם
זה עולמו של אל עליון
וכל בניו אחים הם
כי העולם גדול גדול
אפשר לראות בו את הכל
את הערים והשווקים
את עשרת השבטים
את שור הבר של המשיח
לוויתן נחש בריח
אציץ בו פעם ושנייה
ושוטי שוטי אונייה
כי העולם גדול יא אבא
מקום לכולם שם י אבא
אציץ בו פעם ושנייה
ושוטי שוטי אונייה",dor-hamedina
hazar,natan alterman,1948,"אל תלבשי את שמלת החג
אל תצחקי לעולם
מסביבך יחנף ויפתה וילהג
ואני מעגל עולמים לך עג
ואני על קוו כמו עיט חג
ממלטך מבני חם ונוצרך מקהלם
לבל תראי שמש לבל תדעי חג
לבל תצחקי לעולם

אם תנוסי אל סתר בית
אם בשבת רעים תשטי
לא תנוסי מקול העיט
המצעק לך אשתי אשתי

אל גובה מתנייך ויקר רגלך
מי עפר יגלה מעיני
כמו נר אלווך וכאויב ארגלך
כי שלי את כולך כולך כולך
בחזיז צפורנייך ובגץ עגילך
ורואייך שונאי וחובך מעוני
ונבקע העפר בו תדרוך רגלך
ובקעו מעפר עיני

ובלכתך אל משכב בשניים
וביצוע זרים תשעטי
לא תנוסי מאיש העיניים
המצעק לך אשתי אשתי

מאצבע זרים ממבט ונשימה
קנאתי תסובך כאם
ושמתיך לשמה וישבת נשמה
לא חנך ירצה לא קולך ישמע
והקפצתי עלייך זקנה בת יומה
ויפוצו עוגבייך ולא נשיבם
וזכרת לי כל אלה עד כלות נשימה
רעיה רעיה ואם

ובהיות בינתך לחושך
ובנושכך בקללה את רישתי
מה נותר לו לאיש החושך
המצעק עוד אשתי אשתי",dor-hamedina
leil hanaya,natan alterman,1948,"ליל חניה. בקול דברים, בשחוק, בגדף
בהמולת מלאכות הוא קם, הנה הנו
כמו פני עיר נבנית פניו של שדה הקטל
בהתפרש המחנה אשר דינו
להיות שופך דם האדם ומגינו.

ליל חניה, ליל זמר, ליל שחקים רקוע
ליל רוב מלאכות חופזות, ליל אד מן הדוודים
ליל שמוסך את כישופה של רעות רוח
בבניינה של ממלכה, ליל נדודים
ניצב פרוש על היחיד והגדודים.

מתוך אשמורת ראשונה, בין חוף וגבע
היה נשקף פתאום מראה המלחמה
כמו הווי צוען, חבור יתד וחבל
בו חירותם של מסעות וחירומם
בו הכלים והחוקות בעירומם.

ליל חניה, ליל זמר...

בו מליצת סיסמות הזמן, אשר לא פרק
שירה צרופה בן יעסוק, חלילה לו
ורק הזמר הנפוץ, שלא דבר ערך
ולא שכיית חמדה הוא, יישאן במלוא
צווחת צבעיו החריפים על חלילו.

על אהבה הוא מדבר (בה הוא פותח)
ועל חובה וקרב ועול, הכל בכל
אין הוא אומר את זאת בכל דקויותיה
של השירה, אבל אומר בקול גדול
בלי מורך לב ובלי חשש מפני הזול.

ליל חניה, ליל זמר...

עת מלחמה גם צלם הדברים האלה
היה צלמה לקול זמרת פזמון תועה
עוד ימשכו המה כמו נימה מחלב
נפשו של דור, גם בשדה זרועה
לזכור, לא רק לרע, ימי רעה.

גם זה נשלב במלחמה כל זה גם יחד
כמו אבחת אביב נמסך בעם מליל ומשחרים.
כל זה מתל ומגדות נחל יהיה
עולה ביעף ושב נקטע בילל
של איש זונק ואיש יורה ואיש נופל
של איש זונק ואיש יורה ואיש נופל...",dor-hamedina
leilot beknaan,natan alterman,1951,"עורי הרוח עורי
יפים הלילות בכנען
לקולו של התן הסורי
צבוע מצריים יען

עבדול-קדאר וספירס וחורי
בוחשים תרעלה ולען
וקוראים אלי כנען ""גורי""!
אך יפים הלילות בכנען

ברוח אדר סוערת
שטים ענני שמיים
צעירה חמושה סומרת
יורה תל אביב הליל
מנרה על צוק שומרת
החולה מדלקת עין
מדינה בשמלת עופרת
ושטים ענני שמיים

אלביון עוד זורעת ארס
אך גדול מלילה לילנו
עת על פני מדינה בערש
מתרסים ברכתם יתנו

אפורים הלילות כחרס
את פניהם הפשוטים ראה נא
כי עמך יזכרם עוד חרש
מה יפים בחייו עד הנה",dor-hamedina
of eize ruach,natan alterman,1950,"אוף איזו רוח בחוץ
איזו רוח בחוץ איזו רוח
רוח רוח הרחוב הרחוץ
רץ נחפז במעיל גשם פתוח
בעקבות הברק על גגות
דוהר הרעם זקן על קביים
ונערות בכיכר מחזיקות
את שולי שמלתן בידיים.

אוף איזו רוח אוף איזו רוח
איך זה דוהר שוטף
ומפזר ערמות והופך מוסכמות
ודולג על גדר למרחב הפתוח
וזונק וחוזר יא תן רגע לנוח
שום דבר אינו עוזר אוף איזו רוח.

שם איזה עץ כדחליל
מתרגש ובוכה אך שום רושם
זה הגל החדש המתחיל
לנער לשטיחים את היושן
זה חודר לזקנים בזקנים
וצובט לשלטים את החוטם
ואינו מתחשב בשנים
וצוחק לכל טאבו וטוטם.

אוף איזו רוח אוף איזו רוח
איך זה דוהר שוטף
ומפזר ערמות והופך מוסכמות
ודולג על גדר למרחב הפתוח
וזונק וחוזר יא תן רגע לנוח
שום דבר אינו עוזר אוף איזו רוח.

זוהי חוקת הימים
וטוב במחילה ממסורת
שבין קיץ לקיץ שומעים
את לשון הרוחות של החורף
טוב לרגע לראות איך סביב
כל הנוף בצלצול ובשעט
רץ אחרי רקיעיו העפים
שפרחו מראשו כמגבעת.

אוף איזו רוח אוף איזו רוח
איך זה דוהר שוטף
ומפזר ערמות והופך מוסכמות
ודולג על גדר למרחב הפתוח
וזונק וחוזר יא תן רגע לנוח
שום דבר אינו עוזר אוף איזו רוח.",dor-hamedina
tivat hazimra,natan alterman,1940,"על העיר עפות יונים,
על העיר, על יער פרא,
על כיכר התליינים,
על ריסי נשים בערב.

בערב עם הרוח הנודדת
לא נסע הרחק מכאן.
השקיעה נשאה בדרך
את סלי הדובדבן.

ערב, ערב, עיר ערבית.
אפרד מרחוב האבן.
אל עיני סוסים אביט,
כהביט אישה אוהבת.

כי הסוף, אחים, הוא אלם.
כי באוני הדממות.
כעיניים מול ההלך
הדרכים נעצמות.

עוד מקטרת נעשן,
על מפתן עתיק נשבה
את חיינו נישן
כתינוק נרדם בשבע.

בשבע רוח סער ועננת,
ריח יער ושנים.
בואי, בואי על משענת
בת שירי הנושנים.

הה, ימים יפי קומה,
סחרחרים משוק וקיץ,
מקרונות ומקמה,
משמלות ומברכיים...

מנתיבת אבק רועשת,
מרוכסי זמרה תלולים,
מן הרשע והרשת
של תוגות והתולים.

מה דבקתי בך, תבל,
שווא לפרוק אותך ניסיתי,
מה חיכיתי לך עם ליל,
כתלמיד לגימנזיסטית.

רק הטל הזה בחופן,
רק השיר הזה - עדי,
כי גם לי אדמו באופל
תפוחיך שבגיא.

כעלות נחשול זוהר,
גחת אלי לקרב ביניים.
בך גולגלתי כעיוור
ברחובות מלאי עיניים.

בך נותרתי קרע-קרע
על קוצי המחסומים,
של חמות, של עת - נמכרת,
של פגישות ופתאומים.

על העיר יונים עפות,
כל ימי שטים ביחד,
אור, ערים ומרצפות,
זרוע מניפה מטפחת...

ומפולת-ליל נתכת...
אדוני האדונים!
גוף נופל על אדמותיך...
על העיר עפות יונים.",dor-hamedina
tozeret haarez,natan alterman,1938,"אם כבד לבבכם כעופרת
אם אבלה בגופכם הנשמה
האזינו לשיר התוצרת
שאבו מתוכו נחמה

זה הדור דור ימות המשיח,
מנמנם ולקום מאחר.
הוא זקוק לנביא ומוכיח
ולפחות - לשעון מעורר.
לעורר אהבה וכבוד וחיבה
וקנאה
לתוצרת הארץ!
לחלב, לחצץ, לעוגות, לריבה
לגבינה
מתוצרת הארץ!
אם רצית מתוק מסוכר לכבוד חג
לך לבחור
מתוצרת הארץ!
אם תרצה מר ממוות לטעום, אל תדאג
יש מרור
מתוצרת הארץ!
יש מכל הזמנים, יש מכל המינים
הב כוחות
לתוצרת הארץ!
אך שומעים יהודים ואינם מבינים
יש מוחות...
מתוצרת הארץ!

אין אחדות באומה הנולדת
אין שרשרת ידיים אחת
אין כתף, אין חזית מאוחדת
אבל יש, אבל יש לא מעט -
אבל יש כתפיות, חזיות, ידיות
מפליאות
מתוצרת הארץ!
וישנו גן חיות ובגן החיות
אריות
מתוצרת הארץ!

בסדרים ונימוס אל תשאל לפטנט
זה תמיד
מתוצרת הארץ!
ובתולות בת ציון מדברות באקצנט
גרמנית
מתוצרת הארץ!
ושנתיים וחצי אוכלת האש בשדות
מתוצרת הארץ!
ואנגלי השלטון, אך גם הוא משתמש
בשיטות...
מתוצרת הארץ.",dor-hamedina
elifelet,natan elterman,1958,"נזמר נא את שיר אליפלט
ונגידה כולנו בקול:
כאשר עוד היה הוא רק ילד,
כבר היה הוא ביש גדא גדול.
בו שכנים ושכנות דיברו דופי
ואמרו שום דבר לא יועיל -
אליפלט הוא ילד בלי אופי,
אין לו אופי אפילו במיל.

אם גוזלים מידיו צעצוע,
הוא נשאר מבולבל ומחייך,
מחייך מבלי דעת מדוע,
וכיצד ובשל מה זה ואיך.

ונדמה כי סביבו, זה מוזר,
אז דבר מה התרונן כה ושר.
בלי מדוע ובלי כיצד,
בלי היכן ובלי איך ולמה,
בלי לאן ומאיזה צד,
בלי מתי ובלי אן וכמה.
כי סביב ככינור וחליל
מנגינה מאירה, מצלצלת.
אם נסביר לך מה זה יועיל,
איזה ילד אתה אליפלט.

בליל קרב ברעום אש מזנקת,
בין אנשי הפלוגה קול עבר:
העמדה הקדמית מנותקת,
מלאי תחמושת אזל בה מכבר.
אז הרגיש אליפלט כאילו
הוא מוכרח את המלאי לחדש,
וכיוון שאין אופי במיל לו,
הוא זחל כך ישר מול האש.

ובשובו מהומם ופצוע,
התמוטט הוא, כרע וחייך.
הוא חייך מבלי דעת מדוע,
וכיצד ובשל מה זה ואיך.

ובליבות חבריו, זה מוזר,
אז דבר מה התרונן כה ושר.
בלי מדוע ובלי כיצד,
בלי היכן ובלי איך ולמה,
בלי לאן ומאיזה צד,
בלי מתי ובלי אן וכמה.
מסביב ככינור וחליל
מנגינה מאירה, מצלצלת.
אם נסביר לך מה זה יועיל,
איזה ילד אתה אליפלט.

ובלילה חבוש קסדת פלד,
אט ירד המלאך גבריאל,
וניגש למראשות אליפלט,
ששכב במשלט על התל.
הוא אמר: אליפלט אל פחד,
אליפלט, אל פחד וחיל ‟
במרום לנו יש ממך נחת,
אף שאין לך אופי במיל.

זהו זמר פשוט גם תמוה,
אין ראשית לו וסוף והמשך,
זימרנוהו בלי דעת מדוע
וכיצד ובשל מה זה ואיך.

זימרנוהו כך סתם זה מוזר,
כי דבר מה התרונן בו ושר...",dor-hamedina
achar haseara,natan yonatan,1945,"כמו חוף עייף אחר הסערה
כמו עיר טבועה של אהבה זרה
כחמוקים של ים
שחבוקים אצות רכות של נהיה
כאשד של עריה
גלים שחורים
שאחריהם באים ונשברים
גלי הים הלבנים
נותנים באור מלא
את הדברים המתוקים לעין
ומרים ללב.
עיר טבועה של אהבה זרה
חוף עייף אחר הסערה.",dor-hamedina
gal acharon,natan yonatan,1970,"גל אחרון של חושך
רעד ראשון של אור
פניו לוטים שכחה
ואני בכל כוחי נאחז
בפירור זיכרון
מכוון את הלב למקום
שבו ראיתיהו עוזב
בפעם האחרונה
העצב שהיה בעיניו
מפנה אלי את גבו
עולה על רכבו
עוזב את הבלמים
והכלימה שוברת אותי
לעולמים.",dor-hamedina
oli ze hashalom,natan yonatan,1994,"אולי זה השלום, גם בשבילי
גם בשבילך - איננו מאוחר
איננו מאוחר מדי, אולי

מחר, גם לנו, אחרי שנים
של צער ודמעה, יאיר פנים
הזמן

בלי דם ובלי עשן, עולם
צלול ותם כבוקר סתיו
כעיר שקמה מאבלה
כמו שיר שרק עכשיו נכתב

שלום פצוע ועייף
אבל נושם, נופל וקם
נשמור אותו מהכאב
מהשנאה, מהנקם

תבוא בלי קול וצעקה
שמחה שקטה וביישנית
כאהבה אשר שתקה
בלב הרבה הרבה שנים

בוא נעשה לו זר מילים
זה מה שאנו יכולים
על אנשים ואדמה
רגעי החסד של הזמן.",dor-hamedina
achrei hashkia basade,neomi shemer,2004,"בין שדה התירס ושדה החיטה
אחרי השקיעה בשדה
הלוך הלכה לה ילדה יחידה
אחרי השקיעה בשדה
חמה נעלמה מעל הרכס
והיא עודה בשביל הולכת
אחרי השקיעה בשדה
השקיעה בשדה

משדה הקרב או משדה תמרונים
אחרי השקיעה בשדה
חזר ברעש אז טור שריונים
אחרי השקיעה בשדה
מאין תלכי לאן תבואי
הדרך אל ביתך איפה היא
אחרי השקיעה בשדה
השקיעה בשדה

ענתה בעצב ילדה יחידה
אחרי השקיעה בשדה
ביתי רחוק ודרכי אבודה
אחרי השקיעה בשדה
- ""עלי על הטנק סעי עימנו
הטנק שלך ואת שלנו"" -
אחרי השקיעה בשדה
השקיעה בשדה

הביתה בין ערמות עננים
אחרי השקיעה בשדה
ילדה נוהגת בטור שריונים
אחרי השקיעה בשדה
וזמר עולה מן הצריח -
""איתך לקצה עולם נגיע
אחרי השקיעה בשדה
השקיעה בשדה"".",dor-hamedina
al tishelu oti,neomi shemer,2004,"אל תשאלו אותי איך הגיטרה
אל אבנים הוכתה ונשברה
אל תשאלו אותי איפה נסתרה
ציפור שירי השובבה האפורה

הלא תדעו אחי כי על ערבות בכות
אני תליתי אלף כינורות
וציפורי שירי כולן, כולן ברחו
אל ארצות חמות ומוארות

אל תשאלו אותי איפה נחבאו
שירי היין וזמירות השיכורים
אל תשאלו אותי לאן זה באו
שירי דודי אשר יפות מכל שירים

הלא תדעו אחי כי כלה שיכר
וכי נפצתי את הכד במו ידי
הלא תדעו אחי כי בחופי ניכר
אני שכלתי את הטוב בידידי

אל תשאלו אותי, אין מענה לי
רק השתיקה שוטפת כנהר
ומסלעי החוף ההד קורא לי
ושיר חדש אולי אשיר מחר",dor-hamedina
shalom lach artzi,shimon israeli,1973,"שלום לך ארצי שלי
היפהפיה והנשכחת
אבי שלי אותך חלם
בלהט הקדחת.

אבי היה אידיאליסט
אמר צריך לחיות ביחד
אבי לימד אותי לתת
אני למדתי לקחת
אבי הלך בכפר לחיות
חלוץ היה מגיל צעיר
נשם מיזוג של גלויות
אני נושם מיזוג אוויר
אבי ראה בכל - שליחות
ברפת, בשדה, בלול
אני יודע ששליחות
היא כששולחים אותך לחו""ל
הוא חי על פיתה וזיתים
רעב לא פעם בלילות
אני עוד לא רעבתי יום
בזכות פנקס הקבלות.

שלום לך ארצי שלי
שלום לך ירושלים
אבי שלי לחש את שמך
עם רטט בשפתיים.

""חזרנו אל בורות המים""
גם אם המחיר היה יקר
היום עירי ירושלים
מוכרים אותך לכל ספסר
וכל קבלן אותך אוהב
בונה אותך ירושלים
והמחיר שהוא נוקב
אינו צורב לו בשפתיים.

""מעל פסגת הר הצופים""
שנית נבנית פה עיר של מעלה
בונים אותך לתלפיות
הפועלים שברמאללה
ירושלים הבנויה
העיר אשר ישבה בדד
על חורבנך בכו דורות
על בניינך יבכו לעד.

שלום לך ארצי שלי
""ארץ חמדת אבות""
אבי הקריב למענך
הרבה שנים טובות

וכך חומסים הם את ארצי
ומוצצים את כל דמיה
אוכלים אותה ועוד אומרים
שהיא אוכלת את יושביה
מתי, מתי כל זה קרה?
איך לפתע השתנינו?
אבי חלם חלום יפה -
תראו מה התגשם ממנו.

שלום לך ארצי שלי
""עוד לא אבדה תקוותנו""
גברת כבר על אוייבים רבים,
וודאי תתגברי גם עלינו.",dor-hamedina
shir hapartizanim,shimon israeli,1943,"אל נא תאמר הנה דרכי האחרונה
את אור היום הסתירו שמי העננה
זה יום נכספנו לו עוד יעל ויבוא
ומצעדנו עוד ירעים אנחנו פה

מארץ התמר עד ירכתי כפורים
אנחנו פה במכאובות ויסורים
ובאשר טיפת דמנו שם נגרה
הלא ינוב עוד עוז רוחנו בגבורה

עמוד השחר על יומנו אור יהל
עם הצורר יחלוף תמולנו כמו צל
אך אם חלילה יאחר לבוא האור
כמו סיסמה יהא השיר מדור לדור

בכתב הדם והעופרת הוא נכתב
הוא לא שירת ציפור הדרור והמרחב
כי בין קירות נופלים שרוהו כל העם
יחדיו שרוהו ונגאנים בידם

על כן, אל נא תאמר דרכי האחרונה...",dor-hamedina
begermania lifney hamilhama,shlomo artzi,1988,"כשהייתי קטן היה לי טבע מוזר,
לא לשמוע אותך אך כל מה שסיפרת נסגר,
אצלי בתוך הלב, הלב כמו תא מטען,
כל מה שסיפרת מתחיל כשהיית צעירה.
כשהיית צעירה אהבת גבר אחד,
באה מלחמה, סגרה עליו בבת אחת.
צהרים אחד הוא נלקח,
ברכבת,
כמו כבש.
אך לפני המלחמה החצוצרות ניגנו,
ורקדתם שניכם את והוא.
מאושרים בריקוד, בלי חשש ופקפוק,
בגרמניה - לפני המלחמה.
כל אחד זקוק לאמא, אמא מה אוכל אותך.
דלת המטבח נעולה גם עכשיו.
בחוץ שוקע שמש, העולם נרגע,
אצלך הכל אחרת, הכל לשוא.
האם הסתיימה המלחמה?
בגרמניה לפני המלחמה, היית יפה, זה מכאיב,
הזמן לא עמד,
הגוף לא נצחי.
מי רוקד תחת ירח, רק הזכרון,
מי האיש בתמונה, מי הילד בארון.
בגרמניה לפני המלחמה, היה נדמה לך,
מה היה נדמה לך?",dor-hamedina
haaretz hazo,shmon israeli,1973,"אם תשאל כל אחד:
""זאת הארץ שלך
אך אמור: מה לך היא אומרת?"" -
לא יוכל לענות.
כי הארץ הזאת
בעיני כל אחד היא אחרת.

אך אם בני או בתי
ישאלו גם אותי:
מה פירוש ארץ זו לגביך? -
אז אומר לו: ""אני אספר לך
ואתה תספר לבניך!""

כי הארץ הזאת
כי הארץ הזאת
בשבילי היא שמחה
מהולה בדמעות.
היא תפילה חרישית.
היא חלום של דורות.
היא המיית שורשים
שצימחו צמרות.
היא שדה של תלתן.
היא כמו ילד צוהל.
כמו זקן מתפלל.
היא הכל בשבילי.
היא הארץ שלי.

כי הארץ הזאת
היא חמסין וקוצים
וחיוך נערות
וריחות פרדסים
זה אולי מיושן
זה נשמע ציוני
אבל ככה אני
וכזאת בשבילי
היא הארץ שלי
היא חורשת התמרים
במדבר השומם
היא חלום מטורף
שפתאום התגשם
יש גדולות מארצי
יש יפות אבל היא
היא הארץ שלי",dor-hamedina
erez moldaeti,tsharnichovski,1967,"הוי ארצי! מולדתי!
הר טרשים קרח.
עדר עלפה: שה וגדי.
זהב הדר שמח.
מנזרים, גל, מצבה,
כיפות טיט על בית.
מושבה לא נושבה,
זית אצל זית.

ארץ! ארץ מורשה!
דקל רב כפים.
גדר קו צבר רשע.
נחל כמה מים.
ריח פרדסי אביב.
שיר צלצל גמלת.
חל חולות לים סביב.
צל שקמה נופלת.

ארץ נחלת מדבר סין!
קסם כוכבי לכת.
הבל זעם החמסין.
מלונה בשלכת.
כרם גפן נים לא נים.
תל חורבה נחרשת.
תכול לילות וילל תנים.
משאבה נוקשת.

הוי, הוי, ארץ חמדת לב!
השמיר, השית.
ביר סוד יתום בגב.
בשמים עיט.
ריח פרדסי אביב
שיר צלצל גמלת
בים של אור טובע כל,
ועל פני כל התכלת.

ריח פרדסי אביב...",dor-hamedina
tachat ziv kochvi shamim,yehoram gaon,1943,"תחת זיו כוכבי שמיים
שים עלי את כף ידך!
כל מילה שלי דימעה היא -
נא קבלנה אל חיקך!

כוכביך זיו יטילו
אל מרתף אישון עיני;
אך קו אור אין בי אפילו
להשיב בו על השי.

הן על מי, אם לא עליך,
עוד אשליך את יהבי!
את ימי כולם ליחכה
זו האש שבלבבי.

נח במרתפים השקט,
דמי הרצח מחלחל,
אל גגות נפשי חומקת,
מתחקה: איך, אל?

נשאות ביבב פרוע
סמטאות ועליות,
ואני - מיתר קרוע -
שר אני לך עוד זאת:

תחת זיו כוכבי שמים
שים עלי את כף ידך!
כל מילה שלי דמעה היא:
נא קבלנה אל חיקך!",dor-hamedina
efer ve avak,yehuda poliker,1988,"יום אביב ריחות לילך
בין חורבות העיר שלך
יום יפה לדוג בנהר
בתוכי הלב נשבר
שם היתה ואינה
ילדותך אישה קטנה
אנשים שאיש לא מכיר
אין אפילו בית שיזכיר

ואם את נוסעת לאן את נוסעת
הנצח הוא רק אפר ואבק
לאן את נוסעת לאן את נוסעת
שנים וכלום עוד לא נמחק.

קחי מעיל יהיה לך קר
כסף כיס, גביש סוכר
אם יהיו קשים הימים
הזכרי בי לפעמים
ואם זה עוד מסע נואש
אל הצריף, אל המגרש
במסילת העיר הישנה
איש לא יחכה בתחנה.

ואם את נוסעת...

מי ימתיק לילותייך
מי יקשיב לביכייך
מי ישמור צעדייך בדרכך.

לאן את נוסעת לאן את נוסעת
הנצח הוא רק אפר ואבק
לאן את נוסעת לאן את נוסעת
שנים וכלום עוד לא נמחק.

קחי מעיל יהיה לך קר.",dor-hamedina
shir asirei acho,zeev jabutinski,1920,"מני דן ועד באר-שבע
מגלעד לים,
אין אף שעל אדמתנו
לא כופר בדם.

דם עברי רוו לשובע
ניר והר וגיא
אך מדור ודור
לא נשפך טהור
מדם חורשי תל-חי!

בין איילת ומטולה
בקברו דומם,
דום שומר גבול ארצנו
גיבור גידם.

אנו שבי, אך לבנו
אלי תל-חי בצפון.
לנו, לנו
יהיה, לנו
כתר החרמון.",dor-hamedina
shir beitar,zeev jabutinski,1932,"ביתר
מגב ריקבון ועפר
בדם וביזע
יוקם לנו גזע
גאון ונדיב ואכזר
ביתר הנלכדה,
יודפת, מסדה,
תרומנה בעז והדר.

הדר
עברי גם בעוני בן שר
אם עבד, אם הלך
נוצרת בן מלך
בכתר דוד נעטר
באור ובסתר
זכור את הכתר
עטרת גאון ותגר

תגר
על כל מעצור ומיצר
אם תעל או תרד
בלהב המרד
שא אש להצית - אין דבר
כי שקט הוא רפש
הפקר דם ונפש
למען ההוד הנסתר

למות או לכבוש את ההר -
יודפת, מסדה, ביתר.",dor-hamedina
shir hadegel,zeev jabutinski,1926,"אל תגידו כי איננו
דם אבינו המכבי;
כי שלוש טיפות ממנו
נמזגו בדם ליבי.

זו כצבע ים כנרת,
זו כשלג, זאת זהב;
על הדגל, על הסרט,
על הראש ובלבב.

אך יש עוד טיפה, יש אגל
לא הכרנו עד היום.
הוא איננו על הדגל
הוא בלב והוא אדום.

עת יפרוץ אויב מארב -
אז נקומה ונצביא:
חי הנוער, חי החרב,
חי הדם המכבי.

זו כתכלת היא רקיע:
גובה, אופק, עוז מעוף -
לעולם תמריא, תגביה
רוח עבר מול אין-סוף.
לעולם תצמא נפשנו
דע, יופי, טהרה:
ותצא מהר קודשנו
האמת שהיא תורה.

לבנה זעת המצח,
היוצרת, הבונה -
היא תזריע זרע נצח
בשדה ובגינה.

והפז הוא אור השמש,
הבוקע את הליל,
לעולם יריב באמש
ובעושק ישראל.
לאביון, לגר, לעבד
בכל ארץ, בכל דור
לעולם יביא הזבד:
אור הצדק, אור ודרור.

נס עמל חירות וטוהר,
נס הדור הבנאי,
אל תירא, כי חי הנוער,
חי ועד חשמונאי.",dor-hamedina
shir shalom,zeev jabutinski,1947,"דום מעל למדורתנו
מכחילה כיפת שמיים
חרש נם בקצה האופק
צל חומות ירושלים
מדריכי שייח אבן עלי
צאצא רוזני ערב
מסתכל בצבא שמיים
ובודק בכוכביו.

אי שם בתוך הלב עיר שלום עיר שלום
אי שם בתוך הלב עיר שלום

שקט מוות מפחידני
לי נדמה כי שם בגיא
קול לא קול גונח חרש
ומגיע לאוזני
הס! אי שם בלב החושך
נשמעה המיית פי נבל
מיתרים מרי הנפש
משיחים תוגה ואבל.

אי שם בתוך הלב עיר שלום עיר שלום
אי שם בתוך הלב עיר שלום

שייח הבט הגד לי מה זה
הוא הקיץ ולא ענה לי
חיל יראה פתאום הכריע
את ברכיו של אבן עלי
ואכרע בהסח דעת
גם אני על יד השייח
עד הימוג עם הד הבכי
זיו הצלם הדועך.

אי שם בתוך הלב עיר שלום עיר שלום
אי שם בתוך הלב עיר שלום
עיר שלום קוראים מקדם
לדמות הלבנה
יש אומרים נשמע מפיה
שיר קינה מדי שנה",dor-hamedina
smol hayarden,zeev jabutinski,1928,"כעמוד שבתווך לגשר
אף כחוט השידרה לאנוש
לארצי קו הציר והקשר
הוא ירדן הירדן הקדוש
שתי גדות לירדן - זו שלנו, זו גם כן

אם ארצי דללה וקטונה
היא שלי מראשה עד קיצה
משתרעת מים ישימונה
וירדן, הירדן באמצע
שתי גדות לירדן - זו שלנו, זו גם כן

שם ירווה לו משפע ואושר
בן ערב, בן נצרת ובני
כי דגלי דגל טוהר ויושר
יטהר שתי גדות ירדני
שתי גדות לירדן - זו שלנו, זו גם כן

שתי ידי לך הקדשתי מולדת
שתי ידי - למגל ולמגן
אך תשכח ימיני הבוגדת
אם אשכח את שמאל הירדן
שתי גדות לירדן - זו שלנו, זו גם כן",dor-hamedina
haim leyot bach meoav,aviv gefen,1994,"האם להיות בך מאוהב
זה כשאני עצוב עכשיו
והחלון מראה לי סתיו
האם להיות בך מאוהב
זה כשהלב מרגיש רעב
כשאת לא פה לידי

ואם את רוצה לפרוח תברחי
כי הכל נובל אצלי
ואם את רוצה לשמוח תברחי
כי כלום לא מצחיק אותי

האם להיות בך מאוהב
זה כשהפסנתר משמיע תו
אבל שירי נטול תקווה
האם להיות בך מאוהב
זה כשאני בוכה עכשיו
והדמעות לא משמחה

ואם את רוצה לפרוח תברחי
כי הכל נובל אצלי
ואם את רוצה לשמוח תברחי
כי כל כך מטריד אותי
מה זה להיות בך מאוהב",current-era
leilot levanim,aviv gefen,1999,"לאחרונה כמעט כל פניה
נראית כמו דרך ללא מוצא
בכל יום שעובר זה יותר מתבהר
כמה שאת חסרהתני לי סיבה לחבק אותך
מלילות לבנים אני בא אליך
תני לי את היד ונברח מכאן
הלילות לבנים כשהם בלעדיך
את עכשיו ישנה כמו פיה עצובה
שגנבו לה את כל הקסמים
ואני מרוחק מנותק משותק
והלב מתפוצץ לרסיסים

תני לי סיבה לחבק אותך
מלילות לבנים אני בא אליך
תני לי את היד ונברח מכאן
הלילות לבנים כשהם בלעדיך

בכל יום שעובר זה יותר מתבהר
כמה שאת חסרה
",current-era
machar,aviv gefen,2006,"את לא שמעת,
הוא עמד שם וקרא לך,
בזמן שאת איבדת עניין.
הוא לא האמין שזה יקרה לך.

כבר כמה זמן את נכנסת והולכת,
מסירה את האיפור,
בזמן שהוא עם לב שבור בחדר.
זה נגמר.

מחר, מחר,
תמיד נשאר מחר.
מחר, מחר ,
תמיד נשאר מחר.

זר לא מוכר,
אחרי הרבה שנים ביחד.
איך היא כל-כך רחוקה,
רק נהית יפה יותר וחזקה.
ואתה במכונית מחפש אותה בלילה,
ממסיבה למסיבה.
כמה מסיבות יש כבר בעיר הזאת בכלל.

מחר, מחר,
תמיד נשאר מחר.
מחר, מחר,
תמיד נשאר מחר.

חבקי אותי חזק,
לפני שזה נגמר.
חבקי אותי חזק,
כאילו אין מחר.

תמיד נשאר מחר.",current-era
onot,aviv gefen,1996,"
את הגעת שלובה עם חורף
עם חיוך בשתי עינייך
הסתכלת עלי וכבר הבנתי איך
איך שלכת אהבה
נופלת על אדמת חיינו
מה עושים עכשיו שאל אותי ליבך

כוכבים מעלינו
כמו יודעים על כל שמתרחש
לא עושים עניין לזמן
לא אכפת לנו לאן

את היית באיזה חודש
וחיכינו כבר לילד
כשנולד אני קראתי לו אביב
כי הוא סימל תקופת ביניים
כשחיכיתי בינתיים כבר לחופש
ששום איש אינו משיב

את בכית כשעזבתי
לטובת ערוגות שבכפר
שם זרעתי התחלה
שם קצרתי משפחה

והנה קיץ שכוב לו
בגינה ליד הילד
שהביט בי ובשתי עיניו עצבות
תחזור לאמא הוא לחש לי
ואני פתאום הרגשתי
איך החופש אט הופך לו לבדידות

בחלון משפחה מטיילת
וילדי כבר נרדם על ספה
ופתאום את חסרה
בליבי האור כבה

אז עם הסתיו חזרתי
ועל צווארך הנחתי
שרשרת הבטחות אמיתיות
יקירתי אנא סלחי לי
אני יודע שטעיתי
כמו הטבע
גם ללב ארבע עונות",current-era
madlika li hakol,eden hason,2021,"את באה אליי שוב
עושה לי שורט על הגוף
אומרת שבא לך לטוס מפה
לשבת בשמש של מקסיקו
לזרוק את הזבל רחוק
נהיה לך צפוף
זמן לעשות איזה מוב
לברוח מכל הטירוף שפה
עלה לך לראש הפואטיקות
לילות הכל מסתובב
אני עדיין חושב
על אותה התקופה
ימים עושה שיפוצים
למקומות שכואב
עוד לא מצאתי תרופה
איך את רחוקה
ואני שנים פה חץ בלי מטרה
ואת חוזרת פתאום כמו סופה
ומדליקה לי הכל
איך את רחוקה
ואני מוצא את עצמי עוד אוהב אותך
והזמן כאן עובר מהר כל כך
אני עדיין שיכור מהחיוך על הפנים שלך
את באה אליי שוב
עושה סימנים על הגוף
אומרת שבא לך למחוק הכל
לשבת בשמש עולם גדול
לזרוק את עצמך על החול
נהיה לך צפוף
זמן לעשות איזה מוב
לברוח מכל השטויות שפה
הלב והראש רק הולכים מכות
לילות הכל מסתובב
אני עדיין חושב
על אותה התקופה
ימים עושה שיפוצים
למקומות שכואב
עוד לא מצאתי תרופה
איך את רחוקה
ואני שנים פה חץ בלי מטרה
ואת חוזרת פתאום כמו סופה
ומדליקה לי הכל
איך את רחוקה
ואני מוצא את עצמי עוד אוהב אותך
והזמן כאן עובר מהר כל כך
אני עדיין שיכור מהחיוך על הפנים שלך
איך את רחוקה
ואני שנים פה חץ בלי מטרה
ואת חוזרת פתאום כמו סופה
ומדליקה לי הכל
איך את רחוקה
ואני מוצא את עצמי עוד אוהב אותך
והזמן כאן עובר מהר כל כך
אני עדיין שיכור מהחיוך על הפנים שלך",current-era
metapsim al hakirot,eden hason,2022,"סתם לא דיברנו כל הערב ומוזר לי לא לשמוע אותך מדברת.
וזה בקטע מטורף לאחרונה אני רוצה להיות קרוב ואת רק מתרחקת.
אז אני בא אליך צעד קדימה,
ואת מזיזה לי את הלב ימינה.
כל הזמן הולכת וחוזרת
כל הזמן הולכת וחוזרת.

סתם את יוצאת עם חברות ומשדרת לעולם אצלך הכל בסדר.
ואני פה בתוך הבית, משתגע, וטובע כאן בבלאגן אצלי בחדר.
אני מרגיש שקצת הלכנו אחורה..
שוב את מחזירה לי את הלב שמאלה.
כל הזמן הולכת חוזרת, מאמי למה שוב אותו הסרט.

כל הלילה שנינו מטפסים על הקירות.
ובמקום לבכות, בואי אנגב לך תדמעות.
אצלנו זה משחק שחוזר נשיקה סתירה.
בסוף נריב ונשלים נו אז מה קרה?
כל זה לטובה.

אז נאהב ונריב ונשלים ונכאיב ,
ונחזור להתחבק ביחד כל הלילה.
ונראה את הסדרה שאת אוהבת,
כי גם ככה נעשה תמיד כל מה שאת רוצה.
אז אני בא אליך צעד קדימה,
ואת מזיזה לי את הלב ימינה,
כל הזמן הולכת וחוזרת,
מאמי למה שוב אותו הסרט.

כל הלילה שנינו מטפסים על הקירות.
ובמקום לבכות בואי אנגב לך תדמעות.
אצלנו זה משחק שחוזר נשיקה סתירה,
בסוף נריב ונשלים נו אז מה קרה?
כל זה לטובה.

לא משנה לאן נלך, לא חשוב מתי ואיך
כי בסוף אני ארצה לשוב אלייך.
איך שהכל היה נכון, מהרגע הראשון
זה תפס אותי הכי קרוב אלייך.

כל הלילה שנינו מטפסים על הקירות.
ובמקום לבכות בואי אנגב לך תדמעות.
אצלנו זה משחק שחוזר נשיקה סתירה
בסוף נריב ונשלים נו אז מה קרה?
כל זה לטובה.",current-era
shemishu yaazor oti,eden hason,2019,"את יודעת אין משוגעים כמוני
אני אסע גם לאילת, גם בשלוש בלילה
אקח ת'מפתחות בשקט, אצא כמו רוח מהדלת, גם הדלת לא תרגיש שנעלמתי
שתי דקות אצלך בערך, כביש מהיר אני בדרך
תחזרי הביתה, בואי תחזרי הביתה אליי
שמישהו יעצור אותי
יחזיר לי את הראש שלי
כי כולם ישנים ורק אני
לא מוצא דקה של שקט
זאתי באה זאת הולכת
נגמרו כל הנשים שבעולם
אני יודע אין מטורפות כמוך.. כשאבוא את תצעקי, ותלטפי בשקט
תגידי לי שאת אוהבת, אבל שונאת אותי ממש כמו מדינה עויינת
שתי דקות חיבוק בדלת, את עומדת מבולבלת.
תכנס אליי הביתה
נו תצא לי מהלב
עד שהתגברתי הנה שוב אתה חוזר
שמישהו יעצור אותי
יחזיר לי את הראש שלי
כי כולם ישנים ורק אני
לא מוצא דקה של שקט
זאתי באה זאת הולכת
נגמרו כל הנשים שבעולם",current-era
shkiut adumot,eden hason,2020,"ככה בלילות אני יושב לכתוב מילים
ככה באותו מבוך עולים געגועים
כדי שלא יחזור שוב המבול אני שוטף את הפנים
וזורק את האבק מהחיים.

ככה לא לבחור בדרך שכולם הולכים
בעיינים עצומות אני רואה את השבילים
בעולם הזה מי מחבר ומי נותן חיים
יש אמת אחת כתובה לה בספרים.

לראות את הטוב
אסור לעצור את השמש עכשיו
שקיעות אדומות
מול כל העולם
משליך את הכל אל הים

ככה לפעמים אני נזכר באנשים
מי היה לי כשנשברתי, מי סגר לי בפנים?
ועד שיום חדש פתאום יבהיר הכל
יפיג בי כעסים אגלה שאין לי מה לשמור בפנים.

כבר שנים עברה הנפש טעונה ברגשות.
כשיורקים עליה אש היא משיבה בלהבות
היא תמיד רוצה לצרוח על מנת למצוא שתיקות.

כמה מחשבות עברו בי עוד שואל מה לעשות?

מה נשאר.

לראות את הטוב
אסור לעצור את השמש עכשיו
שקיעות אדומות
מול כל העולם
משליך את הכל אל הים
יותר לא אפול,
יותר לא אפול כי נצחתי עכשיו
זריחות אדומות מול כל העולם
משליך את הכל אל הים.",current-era
pantera,noa kirel,2022,"
פנסים דולקים עלי בלילה
כל העיניים עליי, כל העיניים עליי (אני פנתרה)
עדיין ממשיכה לעלות למעלה
אל תגידו לי די, רק אל תגידו לי די די די

יצאתי עם שיניים חשופות - נושכת
בוא תביא לי אלף אריות - טורפת
מוזמנים לבדוק ת׳קבלות - מוכרת
כל העיניים עלי

ואיך אנ'לא אוהבת מוסכמות - שוברת
וכמה שישימו לי גבולות - עוברת
וכל מה שעושים אני עושה - אחרת
רק אל תגידו לי די

כל היום אני בכל מקום
אין דקה לנשום, אין דקה לנשום
בלילות אנ'לא רוצה לחלום
אני רוצה לטעום, אני רוצה לטעום

אני פנתרה
אני ערה וכולם ישנים
הם אומרים שאני מוזרה
אני אומרת שהם רגילים

חגורה שחורה
אל תלמדו אותי תרגילים
אני נולדתי ככה אשכרה
והיום כבר כולם יודעים
אני פנתרה

כשאני נותנת ת'סימן
כל העיניים עלי
רק אל תגידו לי די די די

כולם מדברים אני עושה בשקט
ואם זה לא בא לי טוב אני מוחקת
שמה ת'מעיל המנומר - שואגת
רק אל תגידו לי די

כל היום אני בכל מקום
אין דקה לנשום, אין דקה לנשום
בלילות אנ'לא רוצה לחלום
אני רוצה לטעום, אני רוצה לטעום

אני פנתרה
אני ערה וכולם ישנים
הם אומרים שאני מוזרה
אני אומרת שהם רגילים

חגורה שחורה
אל תלמדו אותי תרגילים
אני נולדתי ככה אשכרה
והיום כבר כולם יודעים
אני פנתרה",current-era
provokativit,noa kirel,2023,"
וזה בדוק
בודק לי את הלוק
תגיד אתה דפוק
את מי אתה שופט תקח עוד שלוק מהאולה לה
תמיד עם סוללה
אל תכתוב לי מגילה
אני משהו מיוחדת אתה רגיל לרגילה
כולם מחכים אני עקפתי את התור
כי דיווה אמיתית היא לא נכנסת מאחור
כולי צבעונית לא אל תבוא לי בשחור
תדליק לי את האור

כשמשתיקים אותי אני רוצה לצרוח
אם לא נותנים לי אז אני אקח בכוח
לאט לאט זה יכנס לכם למוח
שכל אחד הוא מי שבא לו
אל תגע לי אל תגע לו
מי שלא מתאים לו אז תגידי לו

אז תגידי לא אהא
אז תגידי לא אהא
מי שלא מתאים לו אז תגידי לו
פרובוקטיבית אהא
אגרסיבית אהא
טייק איט אור ליב איט אהא
ומי שלא מתאים לו אז תגידי לו

דוז פואה
אני לא מבקשת
גם ככה כל אירופה כבר נפלה אצלי ברשת
ממ מואה
אני לא מתביישת
גם ככה פה כולם יודעים
שאני באה לשרוף
אני באה לטרוף
את העיניים לשטוף
אני אשים לך סוף

כשמשתיקים אותי אני רוצה לצרוח
אם לא נותנים לי אז אני אקח בכוח
לאט לאט זה יכנס לכם למוח
שכל אחד הוא מי שבא לו
אל תגע לי אל תגע לו
מי שלא מתאים לו אז תגידי לו

אז תגידי לא אהא
אז תגידי לא אהא
מי שלא מתאים לו אז תגידי לו
פרובוקטיבית אהא
אגרסיבית אהא
טייק איט אור ליב איט אהא
ומי שלא מתאים לו אז תגידי לו

מבחוץ זה נראה ורוד
מבפנים עוד צריכה ללמוד לשרוד
לא הפסקתי רציתי עוד
כל אחד הוא מי שבא לו
אל תגע לי אל תגע לו
תביא לי את ההוא שיש לו אומץ להגיד

פרובוקטיבית היי
קצת אגרסיבית היי
הא הא אהא
אז תגידי לו
הא הא אהא
רק תגידי לו
הא הא אהא
אז תגידי לו
ומי שלא מתאים לו אז תגידי לו",current-era
shlosha banot,noa kirel,2022,"אני גמורה הוא זרק אותי!
איפה?
ההיא פיטרה! איפה?
ודודה שלי בלקה אותי! איפה?
מה איפה? בחיפו!
מה עכשיו שאלות!
נו מתי הדרופ?

תגידי מה קרה ולמה את בבאסה
תלכי עם גב זקוף כנסי למוד של קלסה
את החור בגרביון אף אחד לא רואה
אם אחד הלך יבוא אחד יותר שווה
(שוכנעתי)

בלי פרצוף עקום הוודג׳ שלך זה קודש
והוא הפסיד את העובדת של החודש
את החור בכיס אף אחד לא רואה
וגם אין שקלות יהיה לך לילה מעולה

סתכלי אליי הביטי בי
בסוף הלילה יש טאבון
ואין אותי
נילך נבוא נישב נקום
נשתה כוסית
עכשיו הטיים לסגור פינה עם משרוקית

יש מסיבה בעיר הזאת
ואין מצב שלא נצא קצת לבלות
הקמנו חבורת גמורות שלושה בנות
אומרים שלוש נועה שלושה בנות
אנחנו שתיים יא גמורה

מה נראה לך שאתה עושה?
לא לפנות אני על הקצה
לא זורקים דבר כזה יפה
לך כפרה על האויסה

מה נראה לך שאתה מוותר?
אם תלך יבוא אחד אחר
הלב שלה שווה הרבה יותר
אויסה כל הלילה

סתכלי אליי הביטי בי
בסוף הלילה יש טאבון
ואין אותי
נילך נבוא נישב נקום
נשתה כוסית
עכשיו הטיים לסגור פינה עם משרוקית

יש מסיבה בעיר הזאת
ואין מצב שלא נצא קצת לבלות
הקמנו חבורת גמורות שלושה בנות
אומרים שלוש נועה שלושה בנות
אנחנו שתיים יא גמורה

ומי שלא קופץ איתנו ישלם ביוקר
איף אף טווירק טוורק
ואין אחד שלא ירקוד איתנו עד הבוקר
טווידל דו טווידל דאם טווידל טווידל כל הזמן

ומי שלא קופץ איתנו ישלם ביוקר
איף הפ רייט לאפט
אין אחד שלא ירקוד איתנו עד הבוקר
טווידל דו טווידל דאם נו מתי הדרופ?
יאאא מרבונה זה הפזמון עכשיו!

יש מסיבה בעיר הזאת
ואין מצב שלא נצא קצת לבלות
הקמנו חבורת גמורות שלושה בנות
אומרים שלוש נועה שלושה בנות

אנחנו שתיים אני מסבירה לך!
עולה לי הראקוטן!!!",current-era
trilili tralala,noa kirel,2021,"מה השם שלך?
נועה
נח, מעניין זה קצת שם של בן
מי ששותה מים
יש לו הרבה סודות
וזאת עושה לחיים
שוברת תכוסות
אל תגידי הופ לפני שאת קופצת
איך שהיא קופצת
איזה קופצת? תקשיבי
בחמישה לשבע
השכבתי ת׳בנות
דפקתי עלי צבע
בבר עם השכנות
כל העיר רוחשת
משהו פה קורה פה
משהו פה קורה פה
הנה האועד באים
בסופש הזה רוקדת איך שבא לי
ובמוצש הולך להיות פנומנלי
אז בואי איתי יהיה לך ערב לא נורמלי
לא נורמלי
נח, אני מתפוצצת ב 10 9 8 3 1
טרילילי טרללה
לה לה לה לה לה לה לה
לה לה לה לה לה לה לה
טרילילי טרללה
לה לה לה לה לה לה לה
הנה זה עולה לה
טרללה
הנה זה עולה לה
זה לא עולה לי ולא נעליים,שקט
אני רוצה סופש מונפש מותש מופרעש
זיקוקים פרחים גברים בעקבים
לנצוץ לקפוץ לפרוץ ההפך מלשרוץ
מה?
לטס דרינק פינק, דונט טינק שרינק, בלי מינק קינק, איטצ׳ סטינק אוינק, רק צינג צינג ובלינג בלינג
זה שלי
בסדר גלילאו גליליי
בסופש הזה רוקדת איך שבא לי
ובמוצש הולך להיות פנומנלי
אז בואי איתי יהיה לך ערב לא נורמלי
לא נורמלי
נח, מה זה את עושה לי ע, ו, פ,ר,ה,?
טרילילי טרללה
לה לה לה לה לה לה לה
לה לה לה לה לה לה לה
טרילילי טרללה
לה לה לה לה לה לה לה
הנה זה עולה לה
טרללה
הנה זה עולה לה
אני לא יודעת אני לא נהנית
טרילילי טרללה
לה לה לה לה לה לה לה
הנה זה עולה לה
הנה זה עולה לה
עלי זה לא עובד
תרימו לה תרימו
תדעי לך יום שלא נחשב לא סופרים
תרימו לה תרימו
וגבינה חינם יש רק במלכודת עכברים
תרימו לה תרימו
עד שכולם ירימו
הלילה הם ישירו
נח, פחות שייפה חאלה ויותר
טרילילי טרללה
לה לה לה לה לה לה לה
טרילילי טרללה
לה לה לה לה לה לה לה
טרילילי טרללה
לה לה לה לה לה לה לה
הנה זה עולה לה
טרללה
הנה זה עולה לה
עלה לה
איזה אושר
לה לה לה לה לה לה לה
טרילילי טרללה
לה לה לה לה לה לה לה
הנה זה עולה לה
טרללה
הנה זה עולה לה
ונח, אל תרוצי שיורים עליך כי תמותי עייפה",current-era
at lo hayevet li klum,static ve ben el,2016,"את לא חייבת לי כלום
סטט בוי בן אל תבורי
ג'ורדי על הביט לא סתם לא סתם...

יש רק ציפייה, בלי עניין
קניתי לך שעון אולי תתני לי זמן
ולא הייתה לי שום צורה טובה יותר להתקרב
אז בטח את אומרת שהכל היה סתם
וזה לא שזה פוגע אבל אני יודע
שאף חבר שלי לא מתגעגע
אלייך או לכל מה שהיה
וזה מה שמראה לי את חומרת הבעיה
אל תאמרי לי שאת עוד אוהבת
כי את- לא

את לא חייבת לי כלום
גם אם בחרת לעזוב ולקום
לא לא אמרתי לך שום דבר.
לא לא,
לא אמרת לי אף פעם
מה עשיתי לא בסדר לא בטעם
בטח את אומרת שהכל היה סתם
בטח את אומרת שהכל היה סתם...

את מיפה את הדברים איפור
הופכת כל מילה למגילה סיפור
כאילו לא כועסת אבל די ברור
ציפית ממני שאהיה יותר שבור
אבל הבעיה זו את
נעלמת לי כמו שבאת
לא רצית להיות האחת אז
בטח את אומרת שהכל היה סתם

ואם את לא חושבת שהכל היה סתם
אז אני חושב גם
אבל את בטח לא תאמרי מילה כי

את לא חייבת לי כלום
גם אם בחרת לעזוב ולקום
לא לא אמרתי לך שום דבר
לא לא,
לא אמרת לי אף פעם
מה עשיתי לא בסדר לא בטעם
בטח את אומרת שהכל היה סתם

וגם אם את תאמרי שזה היה סתם,
הזמן הזה ביחד לא הוא לא נעלם,
לא משנה מה שתגידי לא משנה מה את חושבת,
מציע שתקשיבי למרות שאת לא חייבת לי כלום.",current-era
kvish hahof,static ve ben el,2016,"על כביש החוף, רוח בשיער שוטפת ת'נוף,
חברה' מאחורה מדברים בלי סוף,
יה יה יה הכל יהיה טוב,
יה יה יה,
על כביש החוף, רוח בשיער שוטפת ת'נוף,
חבר'ה מאחורה מדברים בלי סוף,
יה יה יה הכל יהיה טוב,
יה יה יה הכל זורם טוב.

רגל על הגז ואצבע על הרדיו,
מכבה ת'בעיות שלי כמו סיגריות,
החלון שלי פתוח אז בטוח שהרוח,
תספר לעולם מה שאני שר לו,
או יה יה יה כמה טוב,
או יה יה יה לא לחשוב,
לתת למוסיקה לסחוף,
את החבר'ה ואותי עד הסוף!

על כביש החוף, רוח בשיער שוטפת ת'נוף,
חבר'ה מאחורה מדברים בלי סוף,
יה יה יה הכל יהיה טוב,
יה יה יה,
על כביש החוף, רוח בשיער שוטפת ת'נוף,
חבר'ה מאחורה מדברים בלי סוף,
יה יה יה הכל יהיה טוב,
יה יה יה הכל זורם טוב

חיפה
נתניה
הרצליה
תל אביב.

בלתכנן את המסלול אני המלך,
הדלק יספיק - לכל הדרך (בערך),
המוסיקה באוטו מתחננת שתגביר,
וגם אם ת'תנמיך - אפחד לא יפסיק לשיר
יש דור שלם - שמחכה לשמוע,
שלבלאגן כבר יש סוף ( לא יקרה )
עזוב ת'פקק, ובוא נתחיל ליסוע,
תן לאהבה לעקוף!

על כביש החוף...

כשהשקיעה צובעת - את השמיים באדום,
וכבר נגמר היום,
לא זה עוד לא הזמן לחלום עד שהגענו עד הלום,
אין מצב שנעצור אנחנו לא נתייאש,
והלילה לא נגמר, הWAZE יכול לחפור עד מחר,
אין מצב עולים על כביש שש! (יקר)

על כביש החוף...

ג'ורדי הנהג תורן,
בן אל תמיד קונה שטויות בילו,
סטאט בוי, סטאט בוי..
רגע רגע תעצור תעצור
איפה סטאט בוי?
שיט, שכחנו אותו בחיפה",current-era
silsulim,static ve ben el,2016,"אין לנו איביזה, אין הרבה בויזה,
אבל יש את הבריזה, של אילת - והכנרת.
אז אם אתה מרגיש שחם,
תתארגן על אוטו ועל בגד ים,
אין עוד קיץ כזה - במדינה אחרת.

אז בוא נשים את כל הבעיות בצד,
ביחד נלמד אותם אחד אחד,
שמה שמדבר אל הישראלים ,
זה באס עם סלסולים (שים סלסולים).

וולקאם, פותחים נכון,
המקום הכי חם במזרח התיכון,
מדינה קטנה ס'תכלו סביב,
יש ביג בלגאן בתל אביב.

חולים על מאוואלים,
ועפים איך שהביט נכנס,
הקצב של הבאסים,
יעשה לך בראש קרקס.

ועד מתי, באמצע המדבר,
לא צריך עוד שום דבר אז אני שר.

אין לנו איביזה, אין הרבה בויזה,
אבל יש את הבריזה, של אילת - והכנרת.
אז אם אתה מרגיש שחם,
תתארגן על אוטו ועל בגד ים,
אין עוד קיץ כזה - במדינה אחרת.

אז בוא נשים את כל הבעיות בצד,
ביחד נלמד אותם אחד אחד,
שמה שמדבר אל הישראלים ,
זה באס עם סלסולים (שים סלסולים).

הבנות פה, אין על הבנות פה,
כל אחת בצבע בונא איזה שזופות פה,
חם אז הן שותות פה, כמה הן שותות פה,
עולות המעלות אז הבנות עולות לאוטו (קל).

מהחום של הנגב ועד החרמון
- ככה זה בארץ ככה זה בציון
כל שבת בדשא על האיצטדיון
- ככה זה בארץ ככה זה בציון

אלכוהול מרוסיה, אוכל מרוקאי,
כינור אשכנזי עם טיפה ""טינאנאי נאי""
גם אם מבחוץ זה נראה על הפנים,
וואלאק לא מתלוננים , גם אם

אין לנו איביזה, אין הרבה בויזה,
אבל יש את הבריזה, של אילת - והכנרת.
אז אם אתה מרגיש שחם,
תתארגן על אוטו ועל בגד ים,
אין עוד קיץ כזה - במדינה אחרת.

אז בוא נשים את כל הבעיות בצד...",current-era
zahav,static ve ben el,2017,"
היי יואו ג'ורדי יש מצב שאתה נותן לי משהו כזה
קל
אוקיי אוקיי אוקיי שים גיטרות
ג'ורדי ג'ורדליש, בן אל תבורוש וסטטבוי

היי, אף פעם לא ראיתי עוד חיוך כזה
אחת כמוך בטח שומעת את זה הרבה
ואין מצב אני יוצא מפה לבד
כמעט הלכתי כבר אז כמה טוב שבאת

אני מרגיש שאת יודעת בדיוק מה את עושה
כשאת עוברת ברחוב ואז שולחת נשיקה
כאילו לא בכוונה איך את גונבת לכולן ת'הצגה
כאילו לא בכוונה וכל העיר כבר מסביבך התעוררה

תמיד כולם קראו לך הזהב של השכונה
אבל היום, היום תשאלי בכל המדינה
תגידו מי הכי יפה בכל העיר ?
עונים לי: היא הכי יפה שאני מכיר !

פזמון: כל סופ""ש את מגיעה לפה
כמו הדבש את מביאה מתוק
ואם תתני לזה לקרות
הלילה זה אני ואת והחצוצרות

תני לי רק כמה שעות
שנדבר בלי שכל וגם בלי דאגות
עוד כוס עליי, עוד שתיים אולי, התחלנו !

אם את יודעת יחסינו לאן
את תלמדי אותי ובואי נעשה בלאגן
אני היהלום שלך, את הזהב שלי
את מוזמנת לקפה אבל אפשר גם בלי

תמיד כולם קראו לך הזהב של השכונה
אבל היום, היום תשאלי בכל המדינה
תגידו מי הכי יפה בכל העיר ?
עונים לי: היא הכי יפה שאני מכיר !
פזמון: כל סופ""ש את מגיעה לפה...",current-era
ani kan lishbor,tuna,2016,"אבא היה אבן מתגלגלת
וגם אחויה לא טלית של תכלת
שומר על הגחלת עם אנרגיה מחשמלת,
אני כאן לשבור תשמור את המפתחות נשבור תדלת

הלך הקיר הלך המלט
יו יותר מידי מחתרת תן לי למלא ת'כיס
חמש שנים אותם הפאקינג ג'ינס
קבל ת'אזעקה וקבל אותי מביא את המכה
שובר קופה דופק שפגט לזכר פרינס

חי מסשן לסשן גם כשכל המדינה נופשת
שברתי את השוק, ריסקתי את המשק
אמרתי סום סום היפתח והיקום נפתח
נצרח על הבמה לכבוד המהפך

המהפך שלי טרי, אתמול הכל היה בצבע אפור
היום כולם זורקים בדיחות על איך גם זה יעבור
אז בוא תשאל אותנו, מה גרם להיפ הופ לחזור
ותמשיך להמליך ולקבור

אני כאן לשבור
אין דבר שיעצור חביבי כלום לא יעזור
אני כאן לשבור
זה בוער לי בורידים וזה חרוט לי על העור
אני כאן לשבור
תן לזה לצאת, תן לזה לבעור
אני כאן לשבור
אינעל דינק העולם עושים טרור

וזה מוקדש לכל רודפי החלומות אנחנו לא זרים לסבל
שונא להיות ריאלי, ריאליזם יש כמו זבל
לכן אני חותך ת'מציאות הזאת, פסטרמה
לא המצאתי ת'גלגל אבל פינצ'רתי כמה

כמה דרמה למה, עזוב שטויות עלינו ליגה
שוורצע חייה, משוגע עם מאשין גאן
הלב שלי נמצא על כל שיר, אני, גבוה על ענן
גיטרות ניר דנן, סטריט כמו שאנן

נקי ורענן, אני הורג אותם עם ליריקס
אלוהים הוא בטח דיג'יי, החיים שלי הם רמיקס
זה לא מייק צ'ק וואן טו - זה קוואנטום פיזיקס
ממריא מהמדבר כמו פיניקס

אמרתי לשקל בתחילת הדרך, תקשיב לי ג'ונאם
נשחק את הקלפים נכון, נצא כל אחד עם 7 דונאם
טונה, ניתן להם מיליון סיבות לחפור
שיהיה מי להמליך את מי לקבור",current-era
rock 30,tuna,2015,"הילד בן 30, יש לו חוב גבוה,
עדיין לא אכל בשביל לשבוע,
מחפש איזה עניין, לא יודע,
סתם משפט, אולי קמע
שנחמד לקעקע על הזרוע,
עוד לא בחר מקצוע, הראש שלו סלט,
אבוד בחריצים של הספה כמו שלט,
נודד בין חברים ואוכל סיני
לשיחות עם תוכן ציני
זה מעט, אבל בינתיים זה מקלט
סיגריה ונזוז, אומר, אבל נשאר
מכאן זה רק לבלוז, או לפורנו, או לבר
ימים עפים לפח, הוא ממתין למהפך,
טלויזיה מרעישה ומדגישה את החסך
והמסך הזה, מלא באנשים שכבר הצליחו להגשים
תמיד תהית איך הם מרגישים...
רוק 30


עם חלומות שמלווים אותך משנות התשעים,
הלב מושך גבוה, העיניים מול מדור הדרושים,
על מה אפשר לוותר? כמה נשאר להגשים?
רוק רוק רוק 30.


וכמו שכד מושך אבק, ככה מועדון מושך רווק
ואתה לא ״מר ביטחון עצמי״, יש פה מאבק,
צ׳ייסרים שותים את הארנק, עד שמישהי ניגשת לדלפק
ולמרות שהיא ביקשה ממך מצית, הקרח לא נמס,
אתה מחמיא, עד שזה מצמיא, עד שזה נמאס,
עד שמשהו נתפס, אולי הפעם זה רומנטי?
הרי לך אין גרוש ולה אין סטנדרטים...
אבל לא ממש, כי למרות שהיא ידעה,
כנראה שתשכבו וכנראה היא תיפגע
וכנראה שזה אתה והאקסיות (יא וולי),
מסתובבות לך בראש כמו חיילות בעזריאלי,
זה עוד סיפור נשים, לפחות ת׳חברה זה ירשים,
על הזין העשרים החדשים,
רוק 30

עם חלומות שמלווים אותך משנות התשעים,
הלב מושך גבוה, העיניים מול מדור הדרושים,
על מה אפשר לוותר? כמה נשאר להגשים?
רוק רוק רוק 30.

בבית בו גדלת, אותם הוילונות והשטיחים,
וכמה דיסקים מה״ניינטיז״, רובם די מביכים,
יושבים על פיצוחים, אבא אומר ש״ככה טוב״
הוא יארוז לך ארוחה, יעזור קצת עם החוב
ולא נעים לו להציק, אז הוא שולף את התמונות,
״תראה! היית פה מצחיק, לחיים שמנמנות״
״זכרונות״, אתה אומר וזה האות שלך לזוז
והחיים קצרים מידי בשביל לחזור עכשיו לבלוז,
אתה יוצא מהמקלט, אבל מה עושים מכאן?
לפעמים צריך ללכת, גם כשלא רואים לאן
וכשהבוקר שוב עולה, אתה מתחיל להתאקלם,
עד שיגיע עוד משבר, יש לפחות עשור שלם
ויש הרבה מה להרוס, הרבה מה להגשים,
יאללה ילד, קום מהקרשים...
רוק 30.

(מה)
עם חלומות שמלווים אותך משנות התשעים,
(מה איתך?)
הלב מושך גבוה, העיניים מול מדור הדרושים,
(על מה?)
על מה אפשר לוותר? כמה נשאר להגשים?
(רוק 30)
רוק רוק רוק 30.",current-era
scharchoret,tuna,2017,"הו רומיאו זו הייתה
פנטזייה נהדרת
אבל משהו עובר עליי
העולם נראה אחרת
הכל קורה מהר אולי
מתקן אחד יותר מידי
אנלא אודה בקול אבל
אני רוצה לרדת
תר מידי מה להפסיד
יותר מידי מי לאכזב
יותר מידי אי ודאות
עם זאתי שאני אוהב
אנלא יודע איך בוכים
או מה בכלל הולך בפנים
יותר מידי דברים צפים
בדיוק בזמן הלא מתאים
אז נבהלתי
וקיבלתי
סחרחורת
לא הבנתי
מה איתי? מה כואב?
למה אני במקום
והכל מסתובב?

אה אה אה אה

אם יצלצל הטלפון
שיחפשו אותי מחר
חלאס עם הטלפון
כוסעמק מה נסגר?
בוא אלינו למסך
בוא תהיה כוכב מוצלח
מנחה יפה חיוך מושלם
ילדים נופלים בפח
ויש לי חום ואין לי חום
הלב שלי דופק על מאה
סליחה אנלא איתך היום
בדיוק עסוק בלהשתגע
משהו כואב עכשיו
אל תבדוק באינטרנט
עשה טובה ולך לשכב
אוו... הלכת כבר לאינטרנט...
אז נבהלתי
וקיבלתי
סחרחורת
לא הבנתי
מה איתי? מה כואב?
ולמה אני במקום?
והכל מסתובב

אה אה אה אה

החיוך הפוך והשמחה בצורת
ים סרטים רעים, פחדים, אשמה, ביקורת
כבר חודשיים עם אותה תספורת
עם אותם בגדים ועם אותה סחרחורת
כל היום בדיקות, החלפתי שני רופאים
כי לפעמים רופאים הם רק סוחרי סמים
שמתכחשים למה שרץ לך בפנים
ומטפלים בלב שלך באספירין
והפחדים בפנים חיים, עוד לא פסחו על חלק
וכשהם יוצאים, הם כמו כדור של שלג
פה קבור הכלב, פה טמון הדלק
תענו לילד שבפנים, ממילא
אין לך לאן לברוח גבר
גם אני חשבתי שאני בסדר
עד שהחיים שינו בבום תדר
וראיתי שבדיוק כמו רוב העדר
כבר שנים בלעתי חדשות בשוט
שנים הייתי מתעלם מרגשות
המון שנים פחדתי לעשות בושות
איך לא אפול בכלל לחרדות קשות
אם אני… את עצמי לא אוהב
ועד שגם זה יעבור
שהכל יסתובב...

אה אה אה אה",current-era
ya 2,tuna,2017,"מורות קראו לי מעופף
יושב לי בכיתה ומתופף
ג׳אנספורט, ראסטות ומשאף
שם ראש וחורפ, (הארדקור) שהכל ישרף
זה עוד בוקר בי”א 2, על הכיף כיף
עייף, בחנו אותי על ״Had, Has, Have""
כשעמדתי על שלי אמרו לי ""שב, שב, שב""
טקסט, טקסט, אין לב, אין ממה להתלהב
והראש על הבנות והמחשב
כשהדלת נטרקת והכיתה משתתקת
למדנו איך לנתק את המחשבות
ככה שבשקט בשקט נוצרה צלקת, צלקת
שלרפא אותה לקחו שנים רבות
יצאתי לחיים ברגליים יחפות
אני שורף שנים יפות בתוך כיתות שקופות
אני זוכר את הימים
אני זוכר המון תקופות טובות
ובעיקר איך למדנו לכבות
בובות בובות…

״אהלן גברת טונה, הוא בסה״כ בסדר
ילד גבר, לא מעבר, הוא בסה״כ בסדר
הממוצע שלו ממוצע, הוא לא כל כך מקשיב
אם הוא יכול להתעניין יהיה מגניב, אה כן
הוא מאחר, הוא מדבר, הוא מקשקש, הוא מצייר
הוא מסרב להתבגר, הוא מסתגר
הוא יכול להשתפר, הוא יכול להתדרדר
העיקר שהוא בוחר את הנתיב שהוא בוחר״
שעות על גבי שעות נפלתי שמה בין הכיסאות
מאמין לכל נכשל, אומר ״אמן״ לתוצאות
לקחתי אחריות על השגיאות
היום מפנה בחזרה ת׳אצבעות
על החומר שיריתם במטח
המקצועות שלא שונו מהפלמ״ח
הכסת״ח על גבי כסת״ח
כך למדנו בעיקר איך לצבור חובות
להסתדר על המדף ולקוות
בובות בובות...

ולא מזמן כשהרגשתי מאוד ״דאון״
הקשבתי ל״דוג פאונד״
לשכוח קצת מכל המחשבות שפתאום באו
הבנתי הכל, ואו, ישבתי שם סתם
מיותר כמו הסיכה על הכיפה של חנוך דאום
איך תלמדו אותי לסמוך על עצמי, לחתום על חוזים
לקלוט תרגשות שבפנים, לבנות יחסים
איך אדע לחיות בשלום? איך תלמדו אותי לחלום?
אתם לא יודעים חלום מהו
הייתי שם מליון פאונד
שכל עוד הם ימשיכו לצפצף באותו סאונד
ככה ישמע גם העתיד שלי
אז המילים שלי הן כמו אגרוף לראש, פאו!
תודה לאל אני לא עוד רובוט
שתלמדו אותו לקרוא פקודות, שלום ורוב תודות
כשתחתוך את החוטים אז תבין
שבפנים יש מיליון תשובות
בובות בובות...",current-era